0,1,2,3,4,5,6,7,8,9,10,11,12,13,14,15,16,17,18,19,20,21,22,23,24,25,26,27,28,29,30,31,32,33,34,35,36,37,38,39,40,41,42,43,44,45,46,47,48,49,50,51,52,53,54,55,56,57,58,59,60,61,62,63,64,65,66,67,68,69,70,71,72,73,74,75,76,77
Antonio Brown,Antonio Brown,Antonio Brown,Antonio Brown,Antonio Brown,Antonio Brown,Antonio Brown,Antonio Brown,Antonio Brown,Antonio Brown,Antonio Brown,Antonio Brown,Antonio Brown,Antonio Brown,Antonio Brown,Antonio Brown,DeAndre Hopkins,Antonio Brown,Antonio Brown,Antonio Brown,Antonio Brown,Antonio Brown,Antonio Brown,Antonio Brown,Antonio Brown,Antonio Brown,Antonio Brown,Alshon Jeffery,Antonio Brown,Antonio Brown,Antonio Brown,Antonio Brown,Antonio Brown,Antonio Brown,Antonio Brown,Antonio Brown,Antonio Brown,Antonio Brown,Antonio Brown,Antonio Brown,Antonio Brown,Antonio Brown,Antonio Brown,Antonio Brown,Antonio Brown,Antonio Brown,Antonio Brown,Antonio Brown,Antonio Brown,Antonio Brown,Antonio Brown,Antonio Brown,Antonio Brown,Antonio Brown,Antonio Brown,Antonio Brown,Antonio Brown,Antonio Brown,Jordan Taylor,Antonio Brown,Antonio Brown,Antonio Brown,Antonio Brown,Antonio Brown,Antonio Brown,Zach Pascal,Anthony Dable,Will Fuller V,Bryce Treggs,Dede Westbrook,Michael Clark,Cayleb Jones,Antonio Brown,Antonio Brown,Antonio Brown,Antonio Brown,Antonio Brown,Antonio Brown
Carlos Hyde,Carlos Hyde,Carlos Hyde,Carlos Hyde,Carlos Hyde,Coby Fleener,Carlos Hyde,Carlos Hyde,Carlos Hyde,Carlos Hyde,Carlos Hyde,Coby Fleener,Carlos Hyde,Coby Fleener,Carlos Hyde,Carlos Hyde,Carlos Hyde,Carlos Hyde,Coby Fleener,Coby Fleener,Carlos Hyde,Carlos Hyde,Logan Paulsen,Carlos Hyde,Ifeanyi Momah,Carlos Hyde,Javorius Allen,Carlos Hyde,Lorenzo Taliaferro,Coby Fleener,Coby Fleener,Coby Fleener,Coby Fleener,Austin Ekeler,Coby Fleener,Corey Clement,Coby Fleener,Rod Smith,Coby Fleener,Coby Fleener,Coby Fleener,Carlos Hyde,Carlos Hyde,Coby Fleener,Carlos Hyde,Coby Fleener,Carlos Hyde,Carlos Hyde,Carlos Hyde,Carlos Hyde,Coby Fleener,Coby Fleener,Carlos Hyde,Coby Fleener,Coby Fleener,Carlos Hyde,Coby Fleener,Carlos Hyde,Carlos Hyde,Coby Fleener,Coby Fleener,Carlos Hyde,Carlos Hyde,Carlos Hyde,Coby Fleener,Coby Fleener,Carlos Hyde,Carlos Hyde,Coby Fleener,Coby Fleener,Coby Fleener,Carlos Hyde,Coby Fleener,Coby Fleener,Coby Fleener,Carlos Hyde,Coby Fleener,Carlos Hyde
David Johnson,Terrelle Pryor Sr.,Terrelle Pryor Sr.,Terrelle Pryor Sr.,Terrelle Pryor Sr.,David Johnson,Terrelle Pryor Sr.,Terrelle Pryor Sr.,Terrelle Pryor Sr.,David Johnson,Terrelle Pryor Sr.,Terrelle Pryor Sr.,David Johnson,David Johnson,David Johnson,David Johnson,David Johnson,David Johnson,David Johnson,Breshad Perriman,David Johnson,David Johnson,Terrelle Pryor Sr.,Terrelle Pryor Sr.,David Johnson,Terrelle Pryor Sr.,David Johnson,David Johnson,Terrelle Pryor Sr.,David Johnson,Terrelle Pryor Sr.,David Johnson,David Johnson,Terrelle Pryor Sr.,David Johnson,David Johnson,Terrelle Pryor Sr.,Terrelle Pryor Sr.,David Johnson,David Johnson,David Johnson,David Johnson,Terrelle Pryor Sr.,Terrelle Pryor Sr.,Terrelle Pryor Sr.,Terrelle Pryor Sr.,David Johnson,David Johnson,David Johnson,David Johnson,Giovanni Pascascio,David Johnson,David Johnson,David Johnson,Bryce Treggs,David Johnson,Terrelle Pryor Sr.,Marlon Mack,David Johnson,David Johnson,David Johnson,Terrelle Pryor Sr.,Terrelle Pryor Sr.,David Johnson,Elijah McGuire,David Johnson,Terrelle Pryor Sr.,David Johnson,David Johnson,David Johnson,Terrelle Pryor Sr.,Terrelle Pryor Sr.,Terrelle Pryor Sr.,Terrelle Pryor Sr.,Terrelle Pryor Sr.,Terrelle Pryor Sr.,Terrelle Pryor Sr.,Brandon Bolden
Zach Ertz,Zach Ertz,Zach Ertz,Zach Ertz,Zach Ertz,Zach Ertz,Zach Ertz,Zach Ertz,Zach Ertz,Zach Ertz,Zach Ertz,Zach Ertz,Zach Ertz,Zach Ertz,Zach Ertz,Zach Ertz,Zach Ertz,Chris Ivory,Zach Ertz,Zach Ertz,Zach Ertz,Zach Ertz,Zach Ertz,Zach Ertz,Zach Ertz,Zach Ertz,Zach Ertz,Zach Ertz,Zach Ertz,Zach Ertz,Zach Ertz,Zach Ertz,Zach Ertz,Zach Ertz,Zach Ertz,Zach Ertz,Zach Ertz,Zach Ertz,Kenny Lawler Jr.,Adam Humphries,Hakeem Valles,Brian Riley,Kalif Phillips,Taylor McNamara,Andy Jones,Zach Ertz,Zach Ertz,Zach Ertz,Zach Ertz,Zach Ertz,Zach Ertz,Zach Ertz,Zach Ertz,Zach Ertz,Zach Ertz,Zach Ertz,Zach Ertz,Zach Ertz,Zach Ertz,Zach Ertz,Zach Ertz,Zach Ertz,Zach Ertz,Zach Ertz,Zach Ertz,Zach Ertz,Zach Ertz,Zach Ertz,Zach Ertz,Zach Ertz,Zach Ertz,Zach Ertz,Zach Ertz,Zach Ertz,Zach Ertz,Zach Ertz,Zach Ertz,Zach Ertz
Kirk Cousins,Kirk Cousins,Kirk Cousins,Kirk Cousins,Kirk Cousins,Kirk Cousins,Kirk Cousins,Kirk Cousins,Kirk Cousins,Kirk Cousins,Kirk Cousins,Kirk Cousins,Kirk Cousins,Kirk Cousins,DeShone Kizer,Kirk Cousins,Kirk Cousins,Kirk Cousins,Kirk Cousins,Kirk Cousins,Kirk Cousins,Kirk Cousins,Kirk Cousins,Kirk Cousins,Kirk Cousins,Kirk Cousins,Kirk Cousins,Kirk Cousins,Kirk Cousins,Kirk Cousins,Kirk Cousins,Kirk Cousins,Kirk Cousins,Kirk Cousins,Kirk Cousins,Kirk Cousins,Kirk Cousins,Kirk Cousins,Kirk Cousins,Kirk Cousins,Kirk Cousins,Kirk Cousins,Kirk Cousins,Kirk Cousins,Kirk Cousins,Kirk Cousins,Kirk Cousins,Kirk Cousins,Kirk Cousins,Kirk Cousins,Kirk Cousins,Kirk Cousins,Kirk Cousins,Kirk Cousins,Kirk Cousins,Mitchell Trubisky,Kirk Cousins,Kirk Cousins,Kirk Cousins,Kellen Moore,Joel Stave,Cooper Rush,Matt Moore,Chase Daniel,Kirk Cousins,Kirk Cousins,Kirk Cousins,Kirk Cousins,Kirk Cousins,Kirk Cousins,Kirk Cousins,Kirk Cousins,Kirk Cousins,Kirk Cousins,Kirk Cousins,Kirk Cousins,Kirk Cousins,Kirk Cousins
Terrelle Pryor Sr.,David Johnson,David Johnson,David Johnson,David Johnson,Terrelle Pryor Sr.,Le'Veon Bell,David Johnson,David Johnson,Terrelle Pryor Sr.,David Johnson,David Johnson,Randall Cobb,Terrelle Pryor Sr.,Terrelle Pryor Sr.,Mike Wallace,Terrelle Pryor Sr.,Terrelle Pryor Sr.,Terrelle Pryor Sr.,David Johnson,Terrelle Pryor Sr.,Terrelle Pryor Sr.,David Johnson,David Johnson,Terrelle Pryor Sr.,David Johnson,Terrelle Pryor Sr.,Terrelle Pryor Sr.,David Johnson,Terrelle Pryor Sr.,David Johnson,Terrelle Pryor Sr.,Terrelle Pryor Sr.,David Johnson,Terrelle Pryor Sr.,Terrelle Pryor Sr.,David Johnson,David Johnson,Terrelle Pryor Sr.,Terrelle Pryor Sr.,Terrelle Pryor Sr.,Terrelle Pryor Sr.,David Johnson,David Johnson,David Johnson,David Johnson,Kaelin Clay,Julian Edelman,Brian Brown,Carlos Henderson,David Johnson,Francis Owusu,Jake Kumerow,Travis Rudolph,David Johnson,Terrelle Pryor Sr.,Latavius Murray,Terrelle Pryor Sr.,Terrelle Pryor Sr.,Terrelle Pryor Sr.,Terrelle Pryor Sr.,David Johnson,David Johnson,Terrelle Pryor Sr.,Terrelle Pryor Sr.,Terrelle Pryor Sr.,David Johnson,Terrelle Pryor Sr.,Terrelle Pryor Sr.,Terrelle Pryor Sr.,David Johnson,David Johnson,Darrin Laufasa,Jamize Olawale,Storm Johnson,John Kuhn,Ronnie Hillman,Terrelle Pryor Sr.
Houston Texans,Los Angeles Rams,Denver Broncos,Cincinnati Bengals,Marvin Jones Jr.,Dallas Cowboys,Houston Texans,Marvin Jones Jr.,Los Angeles Chargers,Detroit Lions,Marvin Jones Jr.,Houston Texans,Marvin Jones Jr.,Marvin Jones Jr.,Houston Texans,Marvin Jones Jr.,Marvin Jones Jr.,Marvin Jones Jr.,Marvin Jones Jr.,Marvin Jones Jr.,Marvin Jones Jr.,Marvin Jones Jr.,Houston Texans,Houston Texans,Marvin Jones Jr.,Marvin Jones Jr.,Houston Texans,Houston Texans,Marvin Jones Jr.,Houston Texans,Houston Texans,Houston Texans,Marvin Jones Jr.,Marvin Jones Jr.,Houston Texans,Houston Texans,Houston Texans,Houston Texans,Marvin Jones Jr.,Houston Texans,Houston Texans,Houston Texans,Houston Texans,Marvin Jones Jr.,Marvin Jones Jr.,Houston Texans,Houston Texans,Marvin Jones Jr.,Houston Texans,Marvin Jones Jr.,Houston Texans,Houston Texans,Houston Texans,Houston Texans,Marvin Jones Jr.,Marvin Jones Jr.,Marvin Jones Jr.,Marvin Jones Jr.,Marvin Jones Jr.,Marvin Jones Jr.,Houston Texans,Houston Texans,Houston Texans,Marvin Jones Jr.,Marvin Jones Jr.,Houston Texans,Marvin Jones Jr.,Houston Texans,Houston Texans,Houston Texans,Houston Texans,Marvin Jones Jr.,Marvin Jones Jr.,Marvin Jones Jr.,Marvin Jones Jr.,Marvin Jones Jr.,Marvin Jones Jr.,Marvin Jones Jr.
Coby Fleener,Coby Fleener,Coby Fleener,Coby Fleener,Coby Fleener,Carlos Hyde,Coby Fleener,Coby Fleener,Coby Fleener,Coby Fleener,Coby Fleener,Chris Thompson,Coby Fleener,Carlos Hyde,Coby Fleener,Coby Fleener,Coby Fleener,Coby Fleener,Carlos Hyde,Carlos Hyde,Robert Tonyan,Cole Hikutini,Carlos Hyde,Ross Travis,Carlos Hyde,Manasseh Garner,Coby Fleener,Coby Fleener,Coby Fleener,De'Mard Llorens,Joe Banyard,DuJuan Harris,Michael Burton,Coby Fleener,Keith Smith,Coby Fleener,Alex Collins,Coby Fleener,Carlos Hyde,Carlos Hyde,Carlos Hyde,Coby Fleener,Coby Fleener,Carlos Hyde,Coby Fleener,Carlos Hyde,Coby Fleener,Coby Fleener,Coby Fleener,Coby Fleener,Carlos Hyde,Carlos Hyde,Coby Fleener,Carlos Hyde,Carlos Hyde,Coby Fleener,Carlos Hyde,Coby Fleener,Coby Fleener,Carlos Hyde,Carlos Hyde,Coby Fleener,Coby Fleener,Coby Fleener,Carlos Hyde,Carlos Hyde,Coby Fleener,Coby Fleener,Carlos Hyde,Carlos Hyde,Carlos Hyde,Coby Fleener,Carlos Hyde,Carlos Hyde,Carlos Hyde,Coby Fleener,Carlos Hyde,Coby Fleener
Marvin Jones Jr.,Marvin Jones Jr.,Marvin Jones Jr.,Marvin Jones Jr.,Carolina Panthers,Marvin Jones Jr.,Marvin Jones Jr.,Baltimore Ravens,Marvin Jones Jr.,Marvin Jones Jr.,Chicago Bears,Marvin Jones Jr.,Houston Texans,Kansas City Chiefs,Marvin Jones Jr.,Houston Texans,Houston Texans,Houston Texans,Miami Dolphins,Houston Texans,Houston Texans,Houston Texans,Marvin Jones Jr.,Marvin Jones Jr.,Houston Texans,Houston Texans,Marvin Jones Jr.,Marvin Jones Jr.,Houston Texans,Marvin Jones Jr.,Marvin Jones Jr.,Marvin Jones Jr.,Houston Texans,Houston Texans,Marvin Jones Jr.,Marvin Jones Jr.,Marvin Jones Jr.,Marvin Jones Jr.,Houston Texans,Marvin Jones Jr.,Marvin Jones Jr.,Marvin Jones Jr.,Marvin Jones Jr.,Houston Texans,Houston Texans,Michael Clark,Marvin Jones Jr.,Houston Texans,Marvin Jones Jr.,Houston Texans,Marvin Jones Jr.,Marvin Jones Jr.,Marvin Jones Jr.,Marvin Jones Jr.,Houston Texans,Houston Texans,Houston Texans,Houston Texans,Houston Texans,Houston Texans,Marvin Jones Jr.,Marvin Jones Jr.,Marvin Jones Jr.,Houston Texans,Houston Texans,Marvin Jones Jr.,Houston Texans,Marvin Jones Jr.,Marvin Jones Jr.,Marvin Jones Jr.,Marvin Jones Jr.,Houston Texans,Houston Texans,Houston Texans,Houston Texans,Houston Texans,Houston Texans,Houston Texans
