0,1,2,3,4,5,6,7,8,9,10,11,12,13,14,15,16,17,18,19,20,21,22,23,24,25,26,27,28,29,30,31,32,33,34,35,36,37,38,39,40,41,42,43,44,45,46,47,48,49,50,51,52,53,54,55,56,57,58,59,60,61,62,63,64,65,66,67,68,69,70,71,72,73,74,75,76,77,78,79,80
Lamar Miller,Lamar Miller,Lamar Miller,Lamar Miller,Lamar Miller,Lamar Miller,Lamar Miller,Lamar Miller,Lamar Miller,Lamar Miller,C.J. Prosise,Bennie Fowler,Cooper Kupp,Lamar Miller,Lamar Miller,Lamar Miller,Lamar Miller,Lamar Miller,Terron Ward,Lamar Miller,Lamar Miller,Lamar Miller,Michael Roberts,Lamar Miller,Lamar Miller,Lamar Miller,Lamar Miller,Ronnie Hillman,Tre McBride,Jerell Adams,Jordan Leggett,Germone Hopper,Lamar Miller,Lamar Miller,Lamar Miller,Lamar Miller,Lamar Miller,Lamar Miller,Lamar Miller,Lamar Miller,Lamar Miller,Lamar Miller,Lamar Miller,Lamar Miller,Lamar Miller,Lamar Miller,Lamar Miller,Lamar Miller,Lamar Miller,Lamar Miller,Lamar Miller,Lamar Miller,Lamar Miller,Lamar Miller,Lamar Miller,Lamar Miller,Lamar Miller,Lamar Miller,Lamar Miller,Lamar Miller,Lamar Miller,Lamar Miller,Lamar Miller,Lamar Miller,Lamar Miller,Lamar Miller,Lamar Miller,Lamar Miller,Lamar Miller,Lamar Miller,Lamar Miller,Lamar Miller,Lamar Miller,Lamar Miller,Lamar Miller,Lamar Miller,Lamar Miller,Lamar Miller,Lamar Miller,Lamar Miller,Lamar Miller
A.J. Green,A.J. Green,A.J. Green,Carlos Hyde,Carlos Hyde,Carlos Hyde,Carlos Hyde,Carlos Hyde,Carlos Hyde,A.J. Green,A.J. Green,A.J. Green,A.J. Green,Carlos Hyde,Carlos Hyde,A.J. Green,Carlos Hyde,Carlos Hyde,Carlos Hyde,A.J. Green,A.J. Green,Carlos Hyde,A.J. Green,A.J. Green,Andre Williams,Terrence Magee,A.J. Green,Carlos Hyde,A.J. Green,Carlos Hyde,A.J. Green,A.J. Green,A.J. Green,A.J. Green,A.J. Green,A.J. Green,Carlos Hyde,Los Angeles Rams,A.J. Green,A.J. Green,Carlos Hyde,Carlos Hyde,A.J. Green,Carlos Hyde,A.J. Green,A.J. Green,Carlos Hyde,A.J. Green,A.J. Green,A.J. Green,A.J. Green,Carlos Hyde,A.J. Green,Jared Abbrederis,Carlos Hyde,Johnny Holton,A.J. Green,Carlos Hyde,Carlos Hyde,A.J. Green,Carlos Hyde,Marquis Bundy,Dan Arnold,Carlos Hyde,Carlos Hyde,Chris Thompson,Brandon Reilly,Carlos Hyde,Carlos Hyde,Carlos Hyde,Carlos Hyde,Carlos Hyde,A.J. Green,A.J. Green,Carlos Hyde,A.J. Green,A.J. Green,A.J. Green,A.J. Green,A.J. Green,A.J. Green
Jordan Howard,Marvin Jones Jr.,Jordan Howard,A.J. Green,A.J. Green,A.J. Green,A.J. Green,A.J. Green,Jeremy Maclin,C.J. Anderson,Jordan Howard,Marvin Jones Jr.,Marvin Jones Jr.,A.J. Green,A.J. Green,Jordan Howard,Braxton Miller,A.J. Green,A.J. Green,Marvin Jones Jr.,Jarius Wright,A.J. Green,Marvin Jones Jr.,Marvin Jones Jr.,A.J. Green,A.J. Green,Marvin Jones Jr.,A.J. Green,Marvin Jones Jr.,A.J. Green,Jordan Howard,Jordan Howard,Marvin Jones Jr.,Jordan Howard,Jordan Howard,Jordan Howard,A.J. Green,Jordan Howard,Jordan Howard,Jordan Howard,A.J. Green,A.J. Green,Marvin Jones Jr.,A.J. Green,Jordan Howard,Jordan Howard,A.J. Green,Malcolm Lewis,Quincy Adeboyejo,Los Angeles Rams,Jordan Howard,A.J. Green,Devante Mays,Jordan Howard,Kaelin Clay,Marvin Jones Jr.,Jordan Howard,A.J. Green,A.J. Green,Quayvon Hicks,A.J. Green,Jordan Howard,Marvin Jones Jr.,Cody Core,Richard Mullaney,Marvin Jones Jr.,Marvin Jones Jr.,De'Quan Hampton,A.J. Green,A.J. Green,A.J. Green,A.J. Green,Jordan Howard,Jordan Howard,A.J. Green,Marvin Jones Jr.,Jordan Howard,Marvin Jones Jr.,Jordan Howard,Marvin Jones Jr.,Marvin Jones Jr.
Los Angeles Rams,Travis Kelce,Travis Kelce,Jordan Howard,Jordan Howard,Jordan Howard,Jordan Howard,Marvin Jones Jr.,Marvin Jones Jr.,Travis Kelce,Los Angeles Rams,Travis Kelce,Carlos Hyde,Jordan Howard,LeGarrette Blount,Jesse James,Jordan Howard,Jordan Howard,Jordan Howard,Carlos Hyde,Los Angeles Rams,Marvin Jones Jr.,Los Angeles Rams,Los Angeles Rams,Jordan Howard,Marvin Jones Jr.,Kirk Cousins,Marvin Jones Jr.,Los Angeles Rams,Jordan Howard,Travis Kelce,Travis Kelce,Los Angeles Rams,Los Angeles Rams,Los Angeles Rams,Carlos Hyde,Jordan Howard,Carlos Hyde,Los Angeles Rams,Los Angeles Rams,Jordan Howard,Jordan Howard,Los Angeles Rams,Jordan Howard,Los Angeles Rams,Travis Kelce,Jordan Howard,Kirk Cousins,Carlos Hyde,Kirk Cousins,Travis Kelce,Stacy Coley,Los Angeles Rams,Travis Kelce,Jordan Howard,Travis Kelce,Carlos Hyde,Alex Armah,John Kuhn,Carlos Hyde,Marvin Jones Jr.,Carlos Hyde,Los Angeles Rams,Marvin Jones Jr.,Jordan Howard,Travis Kelce,Travis Kelce,Marvin Jones Jr.,Jordan Howard,Jordan Howard,Jordan Howard,Jordan Howard,Travis Kelce,Travis Kelce,Marvin Jones Jr.,Travis Kelce,Carlos Hyde,Kirk Cousins,Travis Kelce,Los Angeles Rams,Los Angeles Rams
Carlos Hyde,Kirk Cousins,Matthew Stafford,Travis Kelce,Travis Kelce,Kirk Cousins,Travis Kelce,Los Angeles Rams,Los Angeles Rams,Kirk Cousins,Carlos Hyde,Kirk Cousins,Travis Kelce,Los Angeles Rams,Travis Kelce,Kirk Cousins,Kirk Cousins,Kirk Cousins,Kirk Cousins,Travis Kelce,Kirk Cousins,Los Angeles Rams,Kirk Cousins,Kirk Cousins,Los Angeles Rams,Los Angeles Rams,Travis Kelce,Travis Kelce,Kirk Cousins,Travis Kelce,Kirk Cousins,Kirk Cousins,Kirk Cousins,Kirk Cousins,Kirk Cousins,Kirk Cousins,Caleb Bluiett,Doug Baldwin,Kirk Cousins,Kirk Cousins,Jake Butt,Robert Tonyan,Kirk Cousins,Kyle Carter,Kirk Cousins,Kirk Cousins,Travis Kelce,Travis Kelce,Kirk Cousins,Dan Arnold,Kirk Cousins,Travis Kelce,Carlos Hyde,Kirk Cousins,Travis Kelce,Kirk Cousins,Travis Kelce,Travis Kelce,Travis Kelce,Travis Kelce,Los Angeles Rams,Travis Kelce,Kirk Cousins,Los Angeles Rams,Travis Kelce,Kirk Cousins,Kirk Cousins,Kirk Cousins,Travis Kelce,Los Angeles Rams,Travis Kelce,Travis Kelce,Kirk Cousins,Kirk Cousins,Travis Kelce,Kirk Cousins,Kirk Cousins,Travis Kelce,Keith Wenning,Bryce Petty,Kevin Hogan
Doug Baldwin,Doug Baldwin,Doug Baldwin,Doug Baldwin,Doug Baldwin,Doug Baldwin,Doug Baldwin,Doug Baldwin,Doug Baldwin,Doug Baldwin,Doug Baldwin,Doug Baldwin,Doug Baldwin,Doug Baldwin,Doug Baldwin,Doug Baldwin,Doug Baldwin,Doug Baldwin,Doug Baldwin,Chris Hogan,Doug Baldwin,Doug Baldwin,Doug Baldwin,Doug Baldwin,Doug Baldwin,Doug Baldwin,Doug Baldwin,Kirk Cousins,Doug Baldwin,Doug Baldwin,Doug Baldwin,Doug Baldwin,Doug Baldwin,Doug Baldwin,Doug Baldwin,Doug Baldwin,Doug Baldwin,Marvin Jones Jr.,Doug Baldwin,Doug Baldwin,Doug Baldwin,Doug Baldwin,Doug Baldwin,Doug Baldwin,Doug Baldwin,Doug Baldwin,Kirk Cousins,Doug Baldwin,Doug Baldwin,Doug Baldwin,Doug Baldwin,Kirk Cousins,Doug Baldwin,Doug Baldwin,Doug Baldwin,Doug Baldwin,Johnny Holton,Doug Baldwin,Doug Baldwin,Doug Baldwin,Doug Baldwin,Doug Baldwin,Doug Baldwin,Doug Baldwin,Kirk Cousins,Doug Baldwin,Doug Baldwin,Doug Baldwin,Kirk Cousins,Josh Malone,Kirk Cousins,Kirk Cousins,Josh Magee,Reggie Davis,Tim White,Richard Mullaney,Jamaal Jones,Myles White,Doug Baldwin,Doug Baldwin,Doug Baldwin
Marvin Jones Jr.,Jordan Howard,Marvin Jones Jr.,Marvin Jones Jr.,Marvin Jones Jr.,Marvin Jones Jr.,Marvin Jones Jr.,Jordan Howard,Jordan Howard,Marvin Jones Jr.,Marvin Jones Jr.,Jordan Howard,Jordan Howard,Bruce Ellington,Marvin Jones Jr.,Marvin Jones Jr.,Marvin Jones Jr.,Marvin Jones Jr.,Marvin Jones Jr.,Jordan Howard,Jordan Howard,Jordan Howard,Jordan Howard,Jordan Howard,Marvin Jones Jr.,Jordan Howard,Jordan Howard,Doug Baldwin,Jordan Howard,Marvin Jones Jr.,Marvin Jones Jr.,Marvin Jones Jr.,Jordan Howard,Marvin Jones Jr.,Marvin Jones Jr.,Marvin Jones Jr.,Marvin Jones Jr.,A.J. Green,Marvin Jones Jr.,Marvin Jones Jr.,Marvin Jones Jr.,Marvin Jones Jr.,Jordan Howard,Marvin Jones Jr.,Arrelious Benn,Keshawn Martin,Doug Baldwin,Jordan Howard,Jordan Howard,Jordan Howard,Jamel Johnson,Doug Baldwin,Marvin Jones Jr.,Marvin Jones Jr.,Marvin Jones Jr.,Jordan Howard,Marvin Jones Jr.,Marvin Jones Jr.,Marvin Jones Jr.,Marvin Jones Jr.,Elijhaa Penny,Marvin Jones Jr.,Jordan Howard,Jordan Howard,Doug Baldwin,Jordan Howard,Jordan Howard,Jordan Howard,DeAndre Smelter,Marvin Jones Jr.,DeAndrew White,Frankie Hammond Jr.,Marvin Jones Jr.,Marvin Jones Jr.,Jordan Howard,Jordan Howard,Marvin Jones Jr.,Jordan Howard,Marvin Jones Jr.,Jordan Howard,Jordan Howard
Kirk Cousins,Ameer Abdullah,Carlos Hyde,Kirk Cousins,Kirk Cousins,New Orleans Saints,Carson Palmer,Kirk Cousins,Kirk Cousins,Carlos Hyde,Kirk Cousins,Carlos Hyde,Kirk Cousins,Kirk Cousins,Kirk Cousins,Carlos Hyde,Los Angeles Rams,Los Angeles Rams,Los Angeles Rams,Kirk Cousins,Carlos Hyde,Kirk Cousins,Carlos Hyde,Ronnie Hillman,Kirk Cousins,Kirk Cousins,Tim Cook,Jordan Howard,Carlos Hyde,Kirk Cousins,Carlos Hyde,Carlos Hyde,Carlos Hyde,Carlos Hyde,Carlos Hyde,Los Angeles Rams,Kirk Cousins,Kirk Cousins,Carlos Hyde,Carlos Hyde,Kirk Cousins,Kirk Cousins,Carlos Hyde,Kirk Cousins,Carlos Hyde,Carlos Hyde,Zach Pascal,Carlos Hyde,Los Angeles Rams,Carlos Hyde,Carlos Hyde,Jordan Howard,Kirk Cousins,Carlos Hyde,Kirk Cousins,Carlos Hyde,Kirk Cousins,Kirk Cousins,Kirk Cousins,Kirk Cousins,Kirk Cousins,Kirk Cousins,Carlos Hyde,Kirk Cousins,Marvin Jones Jr.,Carlos Hyde,Carlos Hyde,Los Angeles Rams,Marvin Jones Jr.,Kirk Cousins,Marvin Jones Jr.,Marvin Jones Jr.,Carlos Hyde,Carlos Hyde,Kirk Cousins,Carlos Hyde,Los Angeles Rams,Carlos Hyde,Carlos Hyde,Carlos Hyde,Carlos Hyde
Travis Kelce,Los Angeles Rams,Los Angeles Rams,San Francisco 49ers,Los Angeles Chargers,Travis Kelce,Los Angeles Rams,Coby Fleener,Travis Kelce,Los Angeles Rams,Travis Kelce,Los Angeles Rams,Los Angeles Rams,Travis Kelce,Los Angeles Rams,Los Angeles Rams,Travis Kelce,Gerald Everett,Travis Kelce,Los Angeles Rams,Travis Kelce,Josh Hill,Travis Kelce,Travis Kelce,Travis Kelce,Travis Kelce,Los Angeles Rams,Los Angeles Rams,Travis Kelce,Los Angeles Rams,Los Angeles Rams,Los Angeles Rams,M.J. McFarland,Matt Weiser,Eric Tomlinson,Josiah Price,Los Angeles Rams,Gavin Escobar,Sean Culkin,Ryan O'Malley,Los Angeles Rams,Los Angeles Rams,Antony Auclair,Los Angeles Rams,Travis Kelce,Los Angeles Rams,Los Angeles Rams,Los Angeles Rams,Travis Kelce,Travis Kelce,Los Angeles Rams,Los Angeles Rams,Travis Kelce,Los Angeles Rams,Los Angeles Rams,Los Angeles Rams,Los Angeles Rams,Los Angeles Rams,Los Angeles Rams,Los Angeles Rams,Travis Kelce,Los Angeles Rams,Travis Kelce,Travis Kelce,Los Angeles Rams,Los Angeles Rams,Los Angeles Rams,Travis Kelce,Los Angeles Rams,Travis Kelce,Los Angeles Rams,Los Angeles Rams,Los Angeles Rams,Los Angeles Rams,Los Angeles Rams,Los Angeles Rams,Travis Kelce,Los Angeles Rams,Los Angeles Rams,Travis Kelce,Travis Kelce
